,X,Y
0,1.0152912125644584,0.7569470772562075
1,-1.108654515720093,-1.8787192620925603
2,-0.10982271923497311,-1.4866100082578009
3,1.4967234795544033,2.9008002236831056
4,0.08127543833706895,0.6686426349390951
5,0.5043953723449655,2.1123348316248514
6,-0.3872807548922603,-1.0748923142268998
7,0.873166543295494,3.0971180265768865
8,0.8301876590320019,0.8298083024115254
9,-2.1888667367249646,-4.755734833611944
10,0.8690816635550912,2.2070985620086243
11,0.3782926083709406,0.592066469158115
12,-1.3355539886862031,-0.3186911298130335
13,1.4947522050523714,4.177829126912311
14,-0.02079304196165895,0.37401730329299765
15,0.04282611613948221,0.2663481795110752
16,1.0993046700894742,1.6363980130514386
17,0.7407774995616188,0.805998130750822
18,0.0076380605896972376,1.4871836110704502
19,0.11389073180019943,0.24592924480905776
20,-0.022655219940353667,2.0523740655707474
21,-0.5540890999334434,1.0579754828706522
22,-1.3799106421580651,-0.9684401459075033
23,-1.1336979833086331,-0.6821683094757819
24,-1.1557079470621943,-0.5783991641317148
25,-1.6446328239278374,-1.2917551322395822
26,-0.7690338601563316,-1.6569600179940964
27,-0.2950228286377109,-0.16354603946368498
28,1.2374215897185321,3.339837133766826
29,0.1022377541882532,1.0505401578283553
30,-0.9151736641329672,0.7082462212530038
31,-0.9065667059488565,-0.3548236400718249
32,-0.7574926099217447,-1.131299959478709
33,-0.9086531859848419,-0.06789924459788377
34,2.4469490280651236,3.9296222052381955
35,0.5492523654310384,0.7112306011751555
36,2.0586317598054955,3.4466484658546506
37,-0.9635365602798309,-0.16819981379480653
38,-0.1468427898683894,1.2148037095059432
39,-1.5777359477837432,-1.1297202219391456
40,1.9704982115250176,3.9834799256510802
41,-0.5996589903074306,0.17458616870975618
42,-0.05586353487224227,0.07290151070125656
43,-0.42523994864304226,0.5471038961789749
44,-0.7699065886811629,0.6891238807363202
45,0.3975333730430652,-1.779848545271811
46,-0.9797043466851263,-2.03197122621887
47,-0.7913561743005237,-1.3822480844002158
48,0.4273269934638739,1.4421753990239667
49,-0.05817323573873434,0.26938789532782637
50,-0.6742307416540279,0.9426572502948858
51,-1.3012005466593897,-1.0735126731114313
52,-1.3478472568811175,-1.3393540821863392
53,1.0358099803859075,1.7000843834648272
54,-0.13371065781325017,-1.35646208843403
55,0.004192034237659897,0.7579310128274686
56,1.0719142788096128,2.5956230701359853
57,2.3915012053992784,3.847463568994268
58,0.4411706474237784,2.9835943861874528
59,-0.36484888595141796,1.131666431400589
60,-1.0231104477468769,-0.9805388207112282
61,-0.342308686641367,-0.29987962558887954
62,0.008707678943641103,-0.183150117061192
63,-0.24559520145036712,-0.3652659923413553
64,-0.7544829870054408,0.3694735900107189
65,0.13456984562226748,0.5693496505252458
66,-0.9109069786370827,-1.4699389984384186
67,1.6679069523410515,3.181047048863384
68,1.212003603235672,2.8316809488232186
69,0.4453373168285861,3.5446206420787045
70,1.3127821907523796,2.1263568359344287
71,-0.9904087448407787,-1.1172970741396453
72,-0.6291721410321035,-0.8107831729527848
73,-0.12232770604207191,0.7626428309365432
74,-0.31322881655756746,-0.3910149796798062
75,-0.7908450971134848,-0.43382401152882144
76,-0.20662449053124557,0.1946438348193546
77,1.181978622584773,1.9924226490793786
78,-0.3068053671052828,1.1140954525065618
79,0.7256122009915007,1.853574563280295
80,0.006040635849063363,1.4458288064549394
81,1.340434551005283,2.0937152515475876
82,0.2773494922838176,-0.011924021100235604
83,1.382041592600207,3.329761732619355
84,0.4738971671842233,0.8265147259116404
85,1.528894834524751,2.7997875954858706
86,-0.441808368331648,-0.10957336326711646
87,0.9912234803075478,2.644484881076232
88,-0.2886152084864209,-0.059332724093611705
89,-0.33726589452417693,-0.7452223018235288
90,0.9406239598822334,3.032939084423318
91,0.6086572909850341,1.1716589069715206
92,1.1433049725301285,2.695062453315047
93,1.4675273258776813,3.237739513215626
94,1.6327850916993645,2.771911142483461
95,-1.5705761084364205,-2.9863545117604113
96,1.099911501029799,1.413558317078829
97,0.790601929055722,2.644198647844337
98,-0.8615897863036868,-1.8078866400995137
99,0.8603750770750265,1.1727462748096071
100,0.22976660612707925,1.4502419843575358
101,-0.021548793837059283,0.8977906769266313
102,-0.5967974971087139,0.0492547023614221
103,1.8355392873052452,1.7867817907084402
104,1.3792800398114127,3.452574668517135
105,-1.5693491995936084,-1.3722785711653511
106,-1.5200643355393222,-1.0930762393821256
107,-1.2031650502027686,-2.3042697426123624
108,-1.0970414033135962,-1.1801532576750928
109,-1.083487346220561,-0.424101549362885
110,-2.655984296350053,-0.6282320201503468
111,0.7910406216375401,3.1227041431168483
112,-0.48321114754419403,1.8071959612210586
113,0.6217614526264127,2.1853323837044027
114,-0.14154526968315587,0.4541896719117662
115,-0.33517896740482,0.5403085722100596
116,1.0265502729027012,2.503364778102185
117,0.7871668539324732,2.5872751852804194
118,-1.4282709690691342,-1.8365877605103031
119,0.7824272067443262,0.47065820237364187
120,-0.0560828610307897,-0.7441152109330043
121,0.46244254114102984,2.361927051499608
122,-0.09692396989953064,0.3754044655670632
123,-0.41760615998456535,1.0388163808302617
124,1.2231491018917753,0.31784981033833004
125,0.5471058905402993,2.491240383625702
126,0.40576106782757154,0.35208295785981925
127,0.4736503270634936,1.230594509567054
128,-0.16855638607931514,0.8940652152941291
129,0.20672898946098403,-0.1302038114035996
130,-1.3430534247357309,-0.8017544188219188
131,0.2017199256809706,0.7736690102952312
132,-0.9321594214042804,0.5499070809778883
133,1.2711447998490875,2.20017902233085
134,-0.06290879061806323,2.3155241418751586
135,0.226593898119435,1.0574415979403398
136,0.5215807064683666,1.4584887409640732
137,-1.8277613397035577,-1.9813280120826904
138,-0.44410523050753353,0.14523221248291718
139,-0.4647443442303072,0.08831641427310566
140,-0.6206454773852663,-1.2535790768362576
141,-0.438516210101032,-0.535598520839527
142,-0.6369178293213457,-2.156191932166273
143,-1.5701010146720442,-1.4030407621236924
144,-0.5045152196950483,-0.6825053450800453
145,0.21394891835770904,0.4154795516991968
146,-0.16812832009205805,0.26141514334452937
147,-0.17601012780449118,-1.0814278212175739
148,0.5132031959996921,1.0226882628127774
149,-0.6078280803775851,0.36370244176895183
150,-0.06535573419727742,0.5514859896907007
151,-0.4376725867001939,-0.4469654492710567
152,1.0267292995580375,1.2503633850453393
153,-1.4479857891602945,-1.4879650629923007
154,0.33954044384559307,1.729237898054479
155,1.101597048282324,3.734464801163284
156,-0.4969265359120557,1.1248485760955487
157,0.26791837517770595,2.3632093810322177
158,-0.3686576313309669,1.1840017533158336
159,-0.7726834870997825,-2.341006273038394
160,0.6912393829309349,3.1436776516339124
161,-1.5949277179581418,-1.970504089646056
162,0.10444925132900022,-0.5933651527641086
163,0.6349098670903534,0.4251864478070362
164,-1.1161584384386551,-0.17862123442675182
165,-0.9314737422117204,-2.7037452239216107
166,-0.5909772136569682,-0.6858836480692443
167,-0.9573765738239223,0.04464640754513427
168,1.6536244503539332,1.3501939190563477
169,0.21106642446622287,-0.2562723264287369
170,1.1557820121540743,2.523014589981089
171,0.12012939963356983,-0.41268565596843465
172,-0.4420051351808618,0.9599102054235026
173,-0.7722137598250852,-1.2727117103210512
174,0.054386932119349404,-0.13024655475888736
175,-1.4357564066891737,-1.081852441831083
176,-0.27851264314095187,-1.0997951449378283
177,1.7994716891440907,2.7068843221238668
178,1.0701396907823184,0.704490147726976
179,-0.6334718320464997,-0.6569041490343134
180,0.5493566592223678,1.7028352070985409
181,1.1901020064189323,3.1132267654196655
182,-0.4138051611145006,0.8540592967674224
183,0.7272308127195412,2.178587703695593
184,0.9032103101935199,2.141517727276123
185,-0.24181874686477203,-0.2754170026233223
186,0.026513898641195608,0.04792675247221162
187,-0.24644717073290542,0.14183005865699802
188,-0.8409189347115202,-1.0267705648798502
189,0.9782813106500221,0.8938321347323959
190,-1.2310178698576473,0.07455506970958559
191,-1.0294183408185031,-0.2380704188612367
192,0.5058895344408856,0.8598375423438381
193,-0.04117358889331685,-0.5187958879043154
194,-0.23478411792418086,1.1748725044007058
195,-0.13420660250862565,1.922364106603047
196,-0.43793614798895836,0.10233423840256545
197,0.6661024146478001,1.5150968473016977
198,-1.3962312746279624,-2.7376011703325
199,-0.9356708227458597,-2.209456184593845
200,0.07684134159905953,1.4501401211794558
201,-0.29539238586135175,-1.559497265487984
202,1.4232286391132003,1.3581906014154097
203,-1.844123840776076,-1.2488385328371265
204,-2.1982269661692113,-4.351305708808035
205,-0.6876155167266361,-1.9754807321413976
206,0.7259331268936233,2.0364523260689835
207,-0.39424634335510106,-1.2533029782687617
208,0.780445135111269,-0.6311969002200952
209,1.62429460223266,3.1812988611585697
210,0.8291212236140612,0.4056053423016881
211,-0.2677019976936588,1.292431170758444
212,-0.8936723500922211,-2.3287468784416916
213,-0.9493847181196527,-0.14144083091017934
214,-0.007005570826004152,2.0667344575928297
215,-0.029364985016927966,2.1388074121811096
216,0.7971608226340838,0.905813160981459
217,1.249960885759817,3.7640558758830167
218,0.6878134052193247,0.8903934860164608
219,0.30397047226737217,1.138994691857345
220,1.3103229537856225,2.3389705240903322
221,-1.4116023705524776,-1.2730937895931402
222,1.2553233416189025,3.201726151777338
223,0.669214721806368,1.7405287883007299
224,0.24314515969037537,1.656041995887765
225,1.6939750418446986,2.687296106743473
226,1.0324729739355765,1.3966480694528287
227,-0.5397491477372038,-0.4670428481590814
228,-1.5315759886632128,-4.2868932951275625
229,-0.8226442108698495,-0.6331646573935341
230,0.9110528201959459,3.322349295105718
231,-1.1785277762646702,-1.1617524492782512
232,0.10857702971392942,1.05263214027172
233,-0.5715808527427638,-0.44997610451188946
234,0.01200461557036226,-0.0662622260348611
235,0.19563586160526364,1.334289017877341
236,-0.7118221575610668,0.5717234839618344
237,-0.3700462575367703,0.3570941935400708
238,0.3416249713205804,0.449363774059102
239,-0.4747805949178055,0.2725766367275774
240,-1.3002477070978269,-1.0862852427528096
241,-0.7361765202602986,-0.6053373649814199
242,0.9723147533717043,3.3184576672166752
243,-1.5349670503602286,-2.080734998774257
244,0.987512557457107,1.1740107485187825
245,0.7025513397549514,1.6103005067454
246,0.4130883579840695,3.2095152682470767
247,1.3160181956120554,3.167312585633284
248,-0.007247119739704241,1.6131480329739223
249,-1.2308388590064516,-1.0110732993858602
250,0.07272890356549655,0.7064627161565123
251,-1.1668045144067645,-0.950997031795646
252,-0.457738339560603,0.871228627812817
253,0.5193077009046647,3.109868418488597
254,0.0926069674593626,0.5337020459715823
255,1.289404972233542,2.9118893371666226
256,-0.21525304622045546,0.06382796011171347
257,-1.733253683540349,-1.5532548712069685
258,-0.19300749965652705,1.9023183346995531
259,0.6810821005606625,1.7624128403474122
260,0.26873196067093646,2.2648186081544113
261,-0.7062201242440512,-2.0009428340043263
262,-0.2070862742674084,0.4340828576455242
263,1.431732178718919,2.718607227172213
264,1.6341663502648716,2.772854451043723
265,-0.08163205447009064,1.182190922684879
266,0.6932728937695877,1.192671370656859
267,-0.04054872673003476,-1.4376811699362209
268,-0.22476834138994056,-0.6160656363483055
269,-0.08718880337621976,0.6994305484830236
270,1.5655528729940056,3.6740969635152467
271,1.253638811402195,3.7505138234630913
272,-0.605516536323192,-0.21576691751991584
273,0.2967014908031319,1.5856168949883387
274,-1.4396323092530525,-0.4977251667935372
275,-1.3516972055795242,-1.274920148870089
276,-0.42997040121620195,-1.4042699079398369
277,-1.8646185870019596,-2.4201908660749645
278,0.5302476291190348,1.309244928143214
279,2.0409601231923546,3.493423102368054
280,-0.13453150831675298,-0.7087647762854608
281,0.06024142144357662,0.5962089434024775
282,1.350971775838507,2.7877189215759444
283,-0.1738910348586879,1.6063246244287055
284,-0.6560939661327446,-1.1390986108159413
285,0.3982894747569511,1.449546931849096
286,0.13147189187428585,-0.21501728164914768
287,0.1381337427618691,0.8419412689311838
288,-0.38230261998166765,-0.4369494810127552
289,0.7383306251146662,0.22253213514658277
290,1.8416881666275324,2.7414860711031532
291,1.3093466457114813,2.7833746025550328
292,-1.6061719848577725,-1.7949749850064254
293,-0.05276087728912791,-1.291017585601204
294,-1.6893611226460115,0.07478476325095373
295,0.24073097048102843,0.7253531968013645
296,1.710572839157675,0.35395499233376704
297,-1.291524123732808,-0.3840956753178937
298,1.9511418743148896,2.276289939856011
299,-0.48788644396462927,0.5256993854389569
300,-0.23750711011572473,-1.2126625175060881
301,-1.0121589012680803,-1.7049819540805808
302,2.084985056613617,3.586504140394671
303,1.7133825023220781,4.297948752641162
304,1.2453918030941502,3.746624677112904
305,2.8460920237309275,5.249949682677483
306,1.0270767574676591,3.129197196381104
307,-2.1103383880507116,-2.0892383609228853
308,-0.5439566775680985,0.8745669086292878
309,-1.213745953215934,-1.3489098244107904
310,-0.6421936265866578,-0.845630441924482
311,1.9420245959508562,4.49191182262494
312,-0.9817111351849415,0.43668002266284267
313,0.09239230797947749,1.5461443328064952
314,-1.415159772236634,-0.6483772353778464
315,-0.9416983129151703,-0.5884483604858854
316,-0.3472716346998175,0.517990248681635
317,-0.4924408849030426,-0.6671894941723153
318,0.9359770149249116,0.5424061791029109
319,-1.0597946195146488,-0.6423060650554879
320,0.5964400770848179,1.8163796949351942
321,1.4473923029365787,1.686862392524998
322,0.057916202577126354,1.4382064882621193
323,0.9166238875295251,-0.4879721047770189
324,-0.5881104974053006,-1.6674693686312683
325,-2.258266215002835,-4.616027418311778
326,1.288766654424699,2.1182092052452064
327,-0.8153375056137514,-0.25805106927350885
328,-0.25543856881563837,-0.012117353599915948
329,0.22135210474022576,0.07534849124625465
330,-0.009619286240758999,1.1753126218875403
331,0.08388623322263136,-0.05188284679811794
332,-0.4269145251573809,-0.4056985556534949
333,0.6732837738773582,1.6902228374460497
334,1.1551059740633673,2.659657095982906
335,-0.78581089054301,-1.416803785609435
336,0.4146972389540873,0.5310295900861162
337,0.18869712706317213,0.8129125361228485
338,0.14222711981327144,0.5269320358411235
339,1.0899280851558604,2.286021016423675
340,1.033009894011854,3.4229252810938515
341,0.7049642760392036,0.554883785042392
342,0.7567241524569647,1.7817117975647432
343,-2.778591745312771,-2.7528339320534134
344,0.20471744928481972,-0.12657099999221133
345,-1.2705485517635444,-3.001149151496184
346,-1.0265998265685585,-1.265138051193245
347,0.721243279260805,0.07460799455832845
348,-0.9949112202110005,-2.4811925134320534
349,0.5873741842631829,2.057221364381705
350,1.661862278765788,1.9793491640772798
351,1.36426309585946,2.613380782542456
352,-0.8114112850128586,-1.2921461133201095
353,0.1167200700040492,1.8411409723471175
354,1.9590654547310893,2.4264458682879653
355,-3.2830633475304647,-4.045389733853816
356,-0.9331739535437495,-0.04078993913225104
357,0.9963460919156212,0.5316180338340815
358,-1.7116355375517018,-2.4108887157822783
359,1.8479916413167106,1.9435514298348417
360,0.9151389034513,-0.2010951302986541
361,-0.4930118275940987,-1.2397960856260306
362,0.021586272351915903,0.42407706771128484
363,-1.2923994727806418,-2.14990025426139
364,-1.378704987948265,-0.3625405778087396
365,0.02629443424322672,2.254505448599829
366,1.0206025514395192,4.1224176306340805
367,0.05712375185137811,0.6652603523399334
368,-1.1881456663148546,0.33610008325881346
369,-1.4112774597022686,-2.960641716595769
370,-0.755443928526689,-0.16783486755208193
371,0.6428501694462448,2.1778129528834826
372,-0.027312777761023643,0.41945386378100313
373,-0.7534604554561466,0.9486870163200112
374,0.43431500060785105,-0.8291139642046326
375,0.10925095521388092,-0.8127512540359714
376,0.5111150678810965,1.7516604140560221
377,0.3424606234811653,-1.3656473424091318
378,0.970301640447857,2.702820770578128
379,0.26418734969629115,0.7516503101626254
380,0.19883318527705504,0.5281881846810579
381,-0.7620881392832253,-1.571599624906637
382,-0.1914493181530172,-0.29329920437816925
383,-0.5966662517034272,-1.0048613128157071
384,1.12960543826122,3.4315960437334403
385,-0.08344659270243152,-0.8772795613216426
386,-1.1037623676568806,-1.4047375924384782
387,-0.4709016583857341,2.234450730462597
388,-0.2852362736086616,0.8818739385261181
389,0.2584004033685555,1.193107538269303
390,-0.5383843051863378,-0.1211299682789247
391,0.9339477964568079,1.4591903115469436
392,0.6287013058140964,3.953809386576443
393,-0.20069390205834414,0.34862082243300796
394,0.37642848636782966,1.1988220437176902
395,-1.0421605550284667,-0.993256126384426
396,0.5479906033169776,2.1093043647659253
397,-0.40893899809193973,-1.9749266818292943
398,-0.6947687343213585,1.2090687559613993
399,1.177398818836019,1.674886405388815
400,-1.7386660735856125,-1.0138786400193593
401,-0.46081360413818073,1.2646941694844533
402,-0.941194504975101,-0.3474989992652351
403,0.2165966171222022,-0.40453041451307126
404,-0.1536211929592988,0.8711898029576395
405,0.9389031623351021,2.359374073029137
406,-1.7092243401148286,-2.1155588720411256
407,-1.2343050393446275,-2.1613902164890364
408,0.048471124880487576,1.2217567487535042
409,1.7686215923894888,4.403589134044262
410,0.6165327835896631,3.5405723822595645
411,-1.2753196159482008,-1.1377228936286716
412,-0.27391831778574516,-0.2780355191193639
413,0.31909452969833935,0.5694908168712869
414,0.4358800860951121,3.6853247540678837
415,-0.36562607589583496,1.2854735731803908
416,-0.24927722095831664,-1.0064725865542612
417,0.0677214161159859,-1.619816304059718
418,-0.7178026171042174,-0.5388519063955427
419,-1.2553764187061045,-0.43214921119935146
420,-0.622917050453028,-0.21448372948506664
421,0.1194056621641773,0.28533297955139386
422,-0.8918518372194586,-1.0018847671837436
423,-1.9707415936417947,-1.489719046432007
424,2.17832869695576,5.2535541602002045
425,0.4380156329710851,3.1178385806688773
426,0.5147328079441008,1.4641969430782624
427,1.1414683643629513,3.6902968614987395
428,-0.6283791084627938,0.5604950989873996
429,-1.4365599127060795,-1.4676643832879512
430,-0.5739620906185222,-0.11503364574902147
431,-0.12740175720635147,0.278665968944253
432,-0.5463206953546575,1.5858096395282306
433,1.8063589022600668,4.187473142426742
434,0.8928394065715075,1.786260003116305
435,0.8640788221923167,2.3889048831736006
436,-0.26304612124866683,-0.08504640716102152
437,-0.667138401286629,-0.33636037985093936
438,1.11551914896013,2.738943077378604
439,-1.1012021615222212,-0.7501437183942692
440,-1.6455762645170722,-1.5944260553125882
441,0.241819262527005,0.15797963665663806
442,-0.6223688212008771,-0.5918184309241762
443,0.5427466498344279,1.0207848333290357
444,-1.4123860910269441,-0.7968459452441861
445,-1.7385424661130184,-1.5592219953010045
446,-0.9711644876301598,0.0004974888869366811
447,-0.8912788280383259,-1.8952959379734244
448,-0.10125035033815462,0.21551746153573767
449,0.8605024916243911,1.4535240109998666
450,-0.3222255081566618,0.3895864925341314
451,0.2585330930390288,1.2551635864568258
452,0.15320372318651065,-0.4026466109932405
453,0.5919310016953254,1.377991313498622
454,2.8168449651942535,3.4387267391662437
455,0.10137129068912555,0.29464698225357155
456,-1.4005912400292901,-3.994227050528261
457,0.9220484456394925,2.0687968055256087
458,1.0216385039639004,0.5632957912269894
459,0.7081642017747394,1.0590259827443482
460,-0.335754772754847,-0.23311611097530122
461,-0.795620987774096,-1.6431066777605579
462,0.2865190834450117,0.39332916318776734
463,-1.6162792689207213,-2.099466783462499
464,-0.4829703196399145,1.174050625569731
465,-1.317005352008188,-2.244382738190322
466,-0.5770479721919941,-1.416239494095978
467,0.13628356452812299,2.2978242711374235
468,2.280990253254007,4.40944351942346
469,-1.0709679822812825,-0.4666353098628838
470,0.21934809408218578,1.3550100937082328
471,-1.9897144875235235,-3.6066450738529583
472,0.37395130548470823,0.18728998314599687
473,-0.810186423873842,0.39851837848504434
474,0.2985978457037186,-1.3457504014072104
475,0.3755069009688194,1.3948582373990477
476,-0.15889267076219976,-0.17625542587381354
477,0.8106083303372972,0.4734927431544189
478,-0.1223252652700814,-0.7638950356468949
479,1.7587924814403793,2.637950683792142
480,0.3773377086033533,0.7110059039693637
481,0.6785583790317513,1.8034926745691282
482,0.5261959813862981,0.9382950579623887
483,1.00241962710009,2.7944605757950143
484,-0.021231372090578213,-0.11936256945305157
485,0.86036355673028,1.892222928791161
486,-0.6238809799146594,-1.7917852861244172
487,0.9203206357349554,3.773139338954633
488,0.48200222160994033,0.4298534336090376
489,0.6026486921988891,0.6156803929038843
490,-2.0654883220678166,-3.1896550249323825
491,0.41222371466461133,1.234312568078147
492,-0.4101845439161221,0.6317073128251748
493,-1.3406448935668664,-1.5586483273998504
494,-1.9936339774081693,-2.9556328704657195
495,-0.48023367479538653,-0.2541935290123184
496,0.3285767910048856,-0.06663056565873571
497,0.09397001849601477,0.7590331832582141
498,0.7966165177172869,0.7253395669871446
499,0.15799702122545028,0.44251359908413146
500,-1.1504536071017823,-0.10101219097143121
501,0.07692968446542829,1.0823483388558206
502,0.26451781099613436,3.058597309234403
503,0.5084035032428676,-0.49552771879656365
504,0.10378010433051477,0.6377636219668466
505,-0.7081597013439263,-0.6209356780828179
506,-0.8285749036638823,-1.743712405111489
507,0.3995693234709304,0.953471878308226
508,-1.5113741448019888,-3.208354095100212
509,0.6211633132717865,2.8739367553562767
510,0.9223119047313406,1.4760657719660384
511,-0.7897609369492955,-1.4604967304126975
512,-0.512484023854424,-1.1225353326528327
513,0.2543933981441765,1.8019742009825894
514,-0.2287960516622056,0.7547128623948232
515,0.18949074162913515,-1.0224029521339906
516,0.5308201658582361,0.7582143756297832
517,-0.653549490305149,0.01557062766256323
518,-0.909799289457279,-0.2700750158606583
519,1.2226657126580458,2.061469584385537
520,0.10235404911572261,0.3494373128338245
521,0.1123045786339963,-1.0097054083130628
522,-1.6913348608632375,-0.621136467837325
523,-0.7062750393756554,-0.6215535731930801
524,-0.25473609648289913,0.9016792140897187
525,-0.006831525681561373,1.6331499661779683
526,0.7874662540026094,3.660384872060587
527,-0.04070099398292631,-0.3621311981701737
528,0.16173862507161654,0.6807118396240007
529,-0.23701601191245386,-0.1095218296949334
530,-0.32971673056610074,-2.6760400437243077
531,0.8119861209310721,3.2430922516165364
532,-0.8392216950171195,0.2716134905349039
533,0.13238861327552842,0.7749871496207412
534,-0.7601045517505546,0.9981149562558747
535,1.397928029652703,3.893066418484611
536,-0.4771697918457442,-0.37875245182233397
537,-0.776499171850538,-3.041754210661377
538,1.163647528621124,1.1997514494436632
539,1.0936083562413506,2.0671285050549777
540,1.1728917732848196,1.3078435211241914
541,-1.8279806375095213,-3.2289877685512236
542,-0.150183011499061,2.110866267381077
543,0.9398218704519026,1.3856314469421418
544,0.29367624243547863,-0.0232133883723894
545,-2.0797428657352133,-2.876813546277954
546,-0.5767521438613029,-2.450877010573221
547,1.3925140095481896,1.6192301043003967
548,-0.0031931270647704846,1.1621207935645383
549,1.481524420366425,0.6446047290682491
550,-1.445854785567023,-2.153659458970074
551,0.22758478377749827,1.512451985645709
552,0.7636430978607441,2.9195872540682046
553,-0.2689262272584373,1.6304591408595892
554,-0.9237305910823786,1.367729503174114
555,0.197643091980118,1.5085687360305722
556,-0.13482507174653008,-0.7740198301912982
557,-0.23570838362310098,1.2719285091621109
558,0.13388668976565868,-0.4329786336114211
559,1.2129109833603742,2.0023162984609497
560,-0.7009462566003118,-0.2934265801980345
561,-0.2729777597925187,1.140385957358153
562,0.15765870113564476,-0.32089255226600244
563,-1.1047694791841152,-0.9604871415825991
564,1.0390794537933974,2.814987368676045
565,0.5366137693176967,1.3709647263089704
566,-0.46676536701908705,-0.6342377418244896
567,0.7692286037399265,1.555298938535436
568,-1.1389642919637737,-0.7968723569698457
569,-0.5804496742384759,0.25998539454210035
570,0.8665576706073531,3.7999239623663073
571,1.4573705826578733,3.640938037393155
572,1.1026703453748514,0.9895453689185265
573,0.7170084503180242,1.1950670812651756
574,-0.19320616102369229,0.09022275532903647
575,-1.3079502042122615,-0.8169820347843876
576,0.009605320407474052,2.101361272305749
577,-0.6020159605907495,-2.0517460346615475
578,0.4872647809171299,1.35508723490933
579,1.253678596686702,1.8567426048034148
580,-0.07211780273022542,-0.4775584304726233
581,0.17548527402780395,1.924970923837163
582,-1.098596949821935,0.8206077834323848
583,-2.0827881476064225,-3.0418447941000726
584,0.2975251027931083,1.2924039618258047
585,0.09121581766316533,0.8578921983308551
586,-2.107227681542523,-2.1917504366827254
587,-0.47479207911960764,-0.7607815601438777
588,-0.8516534839977673,-0.45293016975514644
589,0.2619294243454839,0.019641224358376452
590,-0.07841209968323508,0.3729525824078221
591,-0.5675997874924118,-0.7037131288706091
592,-0.39288731732829163,-0.9565721126309321
593,0.4734213494658018,2.2089469971909574
594,-0.2762734709234934,0.8740266887349741
595,-0.7998667173128786,-0.6129319361588954
596,1.3278054197803142,3.1025109954851455
597,-0.054536156458067926,-1.4653787627078683
598,0.014212623859549162,0.44768306043811334
599,0.1661809186353709,0.9390984766860069
600,-0.5656189135704095,0.17144622567009216
601,0.5426468238699835,1.7906041086401396
602,-0.6377442861879524,-0.8337415456970125
603,0.9005605244655617,-0.10418269650930778
604,-1.5505884645437265,-0.6377863571254678
605,-0.6300605436738999,0.5711765444222467
606,0.8451263582232005,2.079728524321837
607,-1.2565675920773405,-1.1763195679928944
608,-1.1194228294170274,-2.1965541609792343
609,0.2252893833105731,2.0490901834697794
610,1.1372714951953111,2.043667994938264
611,0.29596598808839786,2.0309965522222404
612,-0.5693428297773552,-0.8793410443785028
613,1.0593830045924149,0.716954283540814
614,0.6733757219642034,2.2295861330007654
615,0.36853332991471877,2.486353615831882
616,-0.4517808084560882,0.7953407896823101
617,-0.3307018193596257,1.4205109246273047
618,-0.3466577757203714,-1.9474673455817937
619,0.9829527165090017,1.8172394171375155
620,1.3166951658972512,2.3732895841253288
621,-0.5931940891990327,-0.7116990228474163
622,-0.8260208232155751,0.31450949680742557
623,0.9948335559844651,2.0299825660210606
624,1.8930307315827906,3.458499367657246
625,-1.3008491932614608,-0.3589301902693267
626,0.6703903047216188,2.7090354538443044
627,0.18328029877087376,0.8713379698575786
628,-0.6696411513639311,-1.3438361512075145
629,-0.2747628800972447,-0.6795431164981156
630,0.8038495905460544,4.694063499091593
631,1.0816314593203142,3.570496450218518
632,-1.084260366446739,-1.164051354697402
633,1.866772664676733,4.529787683763215
634,-1.90507507942552,-1.6992828513981229
635,-1.0050640919059102,0.16386089782997781
636,-0.9162343851061847,-1.6516943172390046
637,-0.030648696352177898,-0.11025419665833686
638,-0.5124399947312824,-0.9989947199801431
639,-0.2546288483798648,1.7002025145108748
640,0.32195855519915684,0.10150301697896424
641,-1.2872752158649978,-1.820209788164081
642,-0.3682873529756044,1.5495344250927925
643,1.3272489492447592,4.1018119711187255
644,-0.1721317679069495,0.9692148953377542
645,-0.9767815926193179,-1.0088786118117377
646,-0.6601092541421556,-0.7799834323688808
647,0.7424848586260598,1.591168491562634
648,-0.24039062823837798,0.5500924421214024
649,0.0005295825612604304,2.9984532134520037
650,0.13872936331259253,-0.984485764506694
651,-0.19873236732187094,-0.023036522612906674
652,-0.07453792850311675,0.8631462858689884
653,1.93101560493327,3.0217788869668665
654,-1.9905317032990733,-0.40516156683973303
655,0.19541176991846962,0.619965200074902
656,1.4136462621575234,2.813859593897451
657,1.257273170389817,1.5375018121125206
658,-1.2318228966992024,-1.655840641039529
659,0.1739237847219665,0.9943994326986095
660,-1.1133320129852662,-2.1799564602628037
661,0.01422232138205432,-0.849264773912868
662,0.6585747902352619,1.561311634043777
663,0.8632935636445275,0.06848487893860478
664,1.1295308995651434,2.427273435066106
665,-0.43932753005197717,0.15167920904555454
666,1.163546895849253,1.6071229549364008
667,-0.5374455575246961,-0.029132307480560282
668,-0.3737763060247941,0.018201789787097383
669,-0.602696229251777,-0.4379508058825784
670,-1.305173490906137,-1.9831982611867844
671,-0.25983055675709704,-0.1991901768415657
672,-0.4822335344762,1.799378999565736
673,0.20077062096836792,0.3629742150655858
674,0.8039142453950321,2.9321645470767326
675,-0.8595622635507291,-0.3793314893726239
676,0.5902964093004684,3.0378658307480686
677,-0.3997763914987318,0.19423701391394055
678,0.8337712370214793,0.2961717295231885
679,1.1908873053217188,1.8707180690217138
680,-0.1776630273212548,-1.7715600871905521
681,-0.23083347307900018,0.7731143637857929
682,0.5048314949062876,0.8737583265210312
683,-0.17655854516097627,-0.5056462768528792
684,-0.900668906446019,-1.0996854442515747
685,1.713850620073808,3.905423117930331
686,0.0762573391050038,0.524461595486431
687,0.03776328064903889,0.8520738519025362
688,0.0813791104415362,-0.5127086192658302
689,-0.7501966325564736,-1.2779784960156082
690,0.19766727625894917,2.598872100967467
691,1.0746784062255068,4.337324776447218
692,1.5055529081857875,0.9723693129331867
693,1.6012258043034553,0.8684882408003731
694,-0.42561960829872825,-1.084083411006728
695,0.8222218090365385,-0.17369143678323606
696,-1.4846562387331135,-3.5668148236519626
697,-0.7363544493294418,-0.9350860951602833
698,0.48748304354643157,0.9819487352486962
699,-0.06466307262908529,-1.4104052949992347
700,2.027940798614828,1.836167668116988
701,-1.5090955744791401,-1.392891219979146
702,-0.859430361970488,0.23809497511824174
703,-0.532232987849256,-0.4136857554924296
704,-0.8185967610762669,-1.0052306380822773
705,0.3225677303856668,0.5090577531828859
706,-0.5218881978246318,-0.7020359515594163
707,0.028168541771309057,0.5271076098265546
708,1.0284308023874364,1.557893424030685
709,0.5896898445463316,-1.1009455489065803
710,-0.3177099116306306,0.07742030894084534
711,0.1392898265458789,0.740076822968828
712,0.7411741307193056,1.4686677246272748
713,-0.6894894369891543,-0.5777238956574193
714,-1.1367026467228067,0.3198009626391247
715,0.7024070326666177,0.6339785817570248
716,-0.1950131169529164,0.6441399772827409
717,1.2056212594568427,1.9141440681891602
718,-1.246910377710672,-1.9782666926424257
719,1.712478648670419,2.954702335516653
720,0.5936436850864423,0.9482722106918728
721,-0.388476252241434,-0.958708137528973
722,-1.984635789564558,-3.191833800147136
723,1.2254971032438489,0.49793880474884333
724,2.0609844903381282,4.602934992456613
725,0.1273395483856279,0.4661486387522782
726,-1.178573648780002,-0.9570069266064763
727,0.7493835712671887,1.4239043676473804
728,0.3029371877129709,0.17189529359378486
729,1.23462093306226,1.073794477705501
730,-0.1297466628182065,-0.6035006444088591
731,-0.12301278265232952,0.9708232621844043
732,-0.0680239473147723,0.4367599935982896
733,0.08582047822062709,1.057455551098759
734,0.22898083507604422,0.5339685866139637
735,0.1771920778542793,1.8954731577464046
736,1.910766379539659,4.3558048223984756
737,0.2429460874945772,-0.5655473653285358
738,0.21422361797093187,0.40522641390708763
739,-1.525760695583522,-3.1632233743028184
740,1.981876767452234,3.012321745326793
741,-0.43379166411136877,1.342893742307775
742,-1.7990986881367566,-2.7844883178531883
743,0.5381118569711961,1.3759006233838942
744,-0.6929443691981061,-0.7051523249120336
745,1.1643528270351535,1.6435275204670048
746,1.9468968018581554,4.070027866931839
747,0.4946425413131323,-0.31227033606022325
748,-0.9786284636868188,-1.0031198414124323
749,1.1679906373980464,2.3086456923692635
750,0.9853420513703512,2.4787391059925934
751,3.0959304025768897,6.237808023055745
752,1.1318835741752178,0.9816067852110444
753,-0.5895473927499902,0.26208385065370066
754,0.8928778991622177,1.8077865893233167
755,-0.5615437547714786,0.09692325214834913
756,-0.8360844029612039,-1.2139608563035549
757,-0.01566303582951013,1.2866780708012624
758,-0.17505652281180195,0.06748064619499086
759,2.7572182781042587,3.9314543504268347
760,0.4707872039816072,-0.6384028719060051
761,-0.28762439580027543,-2.122868825010008
762,1.2986641318474663,3.7463228975356877
763,0.04983090918446507,2.4453513321494977
764,-0.4394981191327848,-1.3602688105740264
765,-0.43502897090693704,-1.7964867020245676
766,-0.5185124756350971,-1.0433302228701262
767,0.02068971144225415,0.9887005823728414
768,0.9712893830608025,3.2166421915172982
769,1.596742394388812,0.7306683723889615
770,1.8784411969758108,4.250561879354716
771,0.18538266342553114,1.818141079030927
772,-0.42810436993832995,0.5564726729142094
773,0.5303876554100642,1.6848181528342723
774,-0.6023065069591514,-1.4290198308446223
775,0.3558317545993499,-0.01199276907799618
776,1.915367190066633,2.3453420016061224
777,0.10903056429367626,1.3359493282403676
778,-0.33468299410144703,1.518810128354471
779,0.05569497519085041,0.018559805281644248
780,1.0995821455072439,1.0844943770547661
781,1.0867633356191295,1.9764619332234692
782,-1.9930860641316037,0.030109224433324755
783,0.09280878927903025,-1.0126478898368796
784,-1.467070076816246,-1.6002524439536636
785,-0.8267299943465447,-1.6391635385563816
786,0.10478566014600477,-0.9718327272151934
787,0.5947959875953235,0.3594019912458246
788,1.168609767592604,1.7571674494191947
789,0.1829529821126999,3.107111028333164
790,0.45155030400692986,1.7988651445235715
791,-0.1648961007563639,0.08487949195777775
792,0.34745700877137337,1.128359993566375
793,-0.1468250413141264,0.08363447260822476
794,-0.37346276214859403,-0.44057574054313847
795,-0.33230986503442106,-0.21046036838567256
796,1.055693651466009,2.3795283607961757
797,0.01325865468237503,-0.3543764278774223
798,0.9712587473530064,2.455933561198868
799,0.4565488433353708,1.9255908779407047
800,-0.4667831904070197,-0.20212704016432081
801,-0.5930057680896911,0.21603371982399888
802,-0.3347319937294105,0.717213652047028
803,1.0693946829525889,1.653312472149925
804,0.589481453118496,2.7351412903947177
805,-0.3617111511291024,0.2363533126485226
806,1.1780478270347108,4.237161947242875
807,-0.17153219786839294,0.14417104203403092
808,0.596092737589141,3.567192046796344
809,-0.9182196520253603,0.712861386096256
810,0.8499545482757332,0.7422603645881227
811,0.7808709511366554,1.161125789279715
812,0.32979492550252265,2.143848723435963
813,2.742588736618006,3.2302932327948355
814,-0.040335063897169024,0.8411352476087868
815,0.587954309253585,1.4513984546635037
816,1.0243336517117858,1.8605866692028792
817,-1.5925292470781602,-2.254220387650874
818,-0.578109704052494,-0.11615051728579007
819,-0.5735574706107722,-0.7646305345383078
820,0.4373888519784212,1.7916315454158243
821,-0.3657866163757759,-0.8367039661313082
822,0.34485328573398455,-0.48973218469909297
823,-1.846634262669842,-3.931775252301339
824,0.9860908917245624,3.3905746510872987
825,0.5877413475497281,0.4778863071762225
826,1.8824824446987176,3.752710940201448
827,1.7436868947218274,2.4208965207265614
828,0.6582366073663878,0.7822568014470186
829,-1.1521769890850897,-2.020847242100775
830,-0.7644218339830426,-0.7649968895999897
831,0.9812297331693393,0.8415100759759886
832,0.5718706842097295,1.9753322900451789
833,0.18335468782671607,1.7893720324121074
834,0.7372762860420353,2.749904752903928
835,-0.8079066962094238,-1.3130486817867637
836,0.6294302531397018,2.588072533545517
837,1.3252855818093074,1.4620531489471962
838,-0.7638982890938462,-0.6647318204251013
839,1.290471008133204,2.6152071367982805
840,-1.689094445089223,-2.858913744452344
841,-1.7172159564377634,-1.524050760947088
842,2.2612691694121256,4.177647873141171
843,1.0893541246211096,1.2530885893289705
844,1.3052049823529042,2.272102983500924
845,0.8640303955929534,0.397333795939121
846,0.2942820411916622,-1.475324501455873
847,0.4077757877058133,1.776468125452889
848,-1.3804128001638396,-2.537330013140403
849,-0.35413781897063246,0.8609945118384053
850,-0.2259023163386575,0.2685972477300211
851,0.9373803648682345,1.4385469881500932
852,-0.6916157696963294,-1.3564030683640413
853,-1.002145843864779,-1.6082158364338985
854,0.4261898835987763,2.144051357655358
855,-0.5697241191458249,-0.7533591308130614
856,2.216973096948997,3.890909382184812
857,0.9217885308132375,-0.9869696487512627
858,0.008915771363283335,1.2676019800843052
859,-0.9832305613347156,-3.278286923166061
860,-1.4186813956208941,-1.0478593020990778
861,-0.14335324327801793,0.004927492464133265
862,-1.6824221545128122,-3.7651005973555396
863,-0.5284266134008857,-1.5150613100858452
864,-0.3001836857699021,-0.8972895865777943
865,0.12280233033723116,-2.451655891996372
866,-0.7742333139964644,0.01865881051171736
867,-0.787532735682693,-0.6832394392998309
868,-0.7920602493541447,-2.169795992345018
869,0.18680788357240632,-1.2676055756522704
870,-0.060826830507599024,0.271633282933683
871,0.6342505056510389,0.3691322932341734
872,-0.11082967863818961,1.9071174330644718
873,-1.0442210428361234,-1.0342100773341045
874,-0.6678820671647733,-0.38021072767301933
875,0.9663938265928343,2.2637184176914853
876,-0.31456695655881095,0.11864928803687755
877,1.0117905702197045,1.1682884378813596
878,0.759217664986851,1.1009917344250315
879,-0.5066428498959248,-1.7840022865960679
880,0.7750731561234008,2.4094736539411232
881,0.6388415113087248,0.754832384508279
882,-1.7665996860634063,-2.4492222133948816
883,-0.899309555513163,-2.1046879007917334
884,0.054121325895189754,0.6036645714649246
885,-0.7033725174145793,-0.16997702027007172
886,0.7150121868965766,1.524791707256363
887,0.23225533998559808,0.21071293249627743
888,-0.8183001793214166,-1.1859231089897557
889,-1.1247427300583315,-0.4330335971680508
890,0.06993218050908721,1.10013628432069
891,-0.33882636687205075,-0.7682304090383919
892,-1.1591149635030034,-1.125196429869433
893,-0.525516055087423,0.021485619521897203
894,0.9595146224238889,3.239177887344809
895,0.6093353763485823,1.9138958933869081
896,-0.335811994191345,-0.41433077244264277
897,-1.6553029692727068,-1.8563535045419464
898,1.4545736176002735,0.868597197807847
899,-0.8766077208921388,-1.991325718021447
900,-1.1166762339126433,-1.6818043883966585
901,-1.727280540510071,-2.392252551849569
902,-1.57640252297855,-1.3714596688482708
903,-0.06770158692349479,-0.7712930423161556
904,-0.3007064329258926,-0.004267674625641635
905,0.5108555176877573,3.20388917977199
906,-0.6224988740636028,-2.315458307913712
907,0.6380701564195606,1.9219293665506316
908,0.21287927569910356,1.4412669688562443
909,0.40285899345,1.059142531456724
910,-1.4481672458856374,-2.5586941087672517
911,0.9279236210735957,1.5112043140037448
912,-0.5349495017795112,-0.7071538521414806
913,1.1633159306595293,1.5184594711325918
914,-0.10838958821517673,0.4925111268119233
915,-0.392769960199872,-0.6067510577990236
916,-1.0515994266696371,-1.434390791009657
917,-0.7818274352026627,0.6034257780021388
918,0.05741836067255053,1.3236566063176165
919,0.21182299978860614,-0.4049043089171269
920,0.46012785232437087,1.032782743260212
921,-2.213339146397901,-2.0768409894876783
922,-1.1492698976594438,-0.3985689091273368
923,-0.15454163036290594,-0.9427198731330788
924,-0.04116821645691133,0.9640272631071016
925,-0.3754754085633435,-1.3984353638948455
926,-1.3311021797579439,-0.865030816047439
927,-0.30238469149660613,-0.7338100744465955
928,-0.3632768288567778,0.1706472060361518
929,1.1502604439935495,1.3909108442265836
930,-0.6790702996671972,-1.8812251588674251
931,0.1776332631418184,1.034198275901281
932,0.3604668215976508,-0.030138802009488597
933,-1.5639950323709146,-0.8835507450481138
934,0.6402265516840703,1.6639534118309367
935,-1.414101952196268,-0.5502044484519826
936,0.8450076986223576,0.2862212867089895
937,1.6235642458081843,3.03774447021172
938,-0.3028596579118442,1.315619526378217
939,-0.008260928848006301,0.1438754587726057
940,0.15196271824579938,0.7045571585662179
941,-1.3104120920544935,-0.9691399672300939
942,-0.9960920544598678,-1.7063701549837649
943,-0.858495429192642,-1.8458577271054677
944,0.2686775430033293,0.4577527386346053
945,-0.015408521983435614,0.3472583131756757
946,-0.12278050552540105,1.4195090222214284
947,-1.1187198643342569,-0.8298100270594315
948,-0.36477656035841044,0.7777757019598609
949,-1.899818316346581,-4.636582423484409
950,1.2734537014955891,3.329785360716215
951,0.2566850107787167,0.6978325239011507
952,-1.481047272201944,-1.4947932532381587
953,-1.5553483835057709,0.9415335203442665
954,1.6278550656882464,3.001647896280051
955,-0.7603869561716621,-3.229544291575233
956,0.38649952832260775,2.092531498174483
957,-0.19722040335382898,-1.2523968207780696
958,-0.2708190762993007,1.900503089933728
959,2.2286512366569338,2.6137595470965658
960,-0.9906378620011731,-1.7664794282443914
961,1.619400869478862,3.401552556957355
962,-1.2177275638099303,-2.713488781175726
963,-0.2968558484888293,0.9798363550506394
964,0.918715375520869,2.9920787987581177
965,-0.43687627579622784,0.415383608031204
966,0.2885019860155633,1.3588218003721617
967,0.41237693704602546,0.6102564351892875
968,0.9035241330573528,1.6877006311217932
969,-1.1261232341154888,-0.18516859681389186
970,0.5906978805435511,0.43175454343236974
971,0.1409095205934042,1.5430092524137522
972,0.4163198778670331,1.1717249430091674
973,-0.0653795224900472,0.25533404651531777
974,-1.2422980821777023,-1.9805189309802071
975,0.6624621601307132,-0.4348874960346927
976,-0.8233156454451033,-0.42392526663975433
977,-0.06696473325093635,1.5873666313552453
978,-0.4279687949219601,-1.9651405967523012
979,-2.5400932514257035,-3.7838311273432144
980,0.033799375672484436,0.39137177628817704
981,0.11772543286922348,-1.428589768264449
982,-0.11629357905192782,-0.262236914153234
983,0.08421544458086322,0.5355790423676298
984,-3.159673702356435,-5.6310850959940275
985,0.6934773784290075,3.320728183114041
986,0.3359300298827777,1.0019432405402315
987,-0.7117513760343603,-0.6581144089982509
988,1.2423570453235209,2.4465490243541828
989,-0.7974920356465411,-1.298545445963225
990,0.0870472406219499,0.18092056795973788
991,-0.041354658738974065,0.07843706569333209
992,1.105325176357756,1.9425309406966074
993,-0.11625555382386778,0.9464102314950076
994,1.017671744721059,1.794067319602904
995,-0.42540333714851525,-0.6586328587167549
996,-0.26818816136904217,-0.09607636804351716
997,-1.2237877639278623,-0.7773411449379324
998,0.4882800325546204,-0.5977305167683997
999,-0.9658525933337418,-1.0216430146656044
